Time_s,Mass_kg,Pos_X_East_m,Pos_Y_North_m,Pos_Z_Up_m,Vel_X_mps,Vel_Y_mps,Vel_Z_mps,Quat_w,Quat_x,Quat_y,Quat_z,Omega_X_radps,Omega_Y_radps,Omega_Z_radps,Control_Ux_N,Control_Uy_N,Control_Uz_N,Thrust_Magnitude_N
0,30000,250,-200,500,-30,-20,-80,0.976382586165042,0.172162593434805,-0.128543206069469,0.0226656354168154,-0.0872664625997165,0.0872664625997165,1.50207509606471e-21,-52200.526253132,-82110.5676772487,794060.540868903,799999.489268837
0.555646280493195,29839.3169694702,232.185053920512,-212.824885525011,457.604932114947,-33.9670706935011,-25.9602457855593,-72.4431990167351,0.987527771149967,0.12561415138131,-0.0920153925251236,0.0233057524675475,-0.247586557408762,0.188134343805205,-7.45694811929792e-12,-51532.3542951539,-82763.1765308652,794036.704568071,799999.759456215
1.11129256098639,29678.63676877,212.514167930618,-228.505519495053,419.701984747946,-36.5198678354695,-30.0544195199949,-63.791859217797,0.998761664393659,0.0329786022518715,-0.0292675363553708,0.0230431611635531,-0.413967614258716,0.278344260474582,-1.53528628494563e-11,-41239.8383850734,-88343.6821632861,794036.573337842,799999.631403851
1.66693884147959,29533.639124315,192.184737234305,-245.505552088175,386.602700362266,-35.9882586670492,-30.3566014696974,-55.8265810171698,0.993456400576402,-0.102250641331217,0.045858675399464,0.0220504864232644,-0.530124924125345,0.248407948985259,-2.36037744263211e-11,72026.4454458299,-31112.9001062203,642679.916299041,647451.38521029
2.22258512197278,29388.5819104001,172.961068953722,-261.227624208069,357.420952803417,-33.0561323272802,-25.1236584675833,-49.17383498755,0.964490913330439,-0.24600063398649,0.0931193068484721,0.0238709696010296,-0.479442139437609,0.129007283610915,-3.22265195493956e-11,50765.61492939,83235.2525058654,794033.318406482,799996.353528242
2.77823140246598,29227.9088872166,155.520726633011,-272.52265736556,331.698128633282,-29.7368343013719,-15.0882551906534,-43.7967134906476,0.929196908917322,-0.350766896123534,0.112941421868518,0.0282840331991578,-0.308757194084361,0.0491036146219929,-4.12669981582328e-11,31407.5967191674,92297.7401238949,794035.136027993,799998.19200461
3.33387768295917,29067.2290798718,139.866538313093,-277.641421326862,308.394778895214,-26.6638379122341,-3.12816377217449,-40.3157487341641,0.905544434185555,-0.406525022605184,0.116784542685084,0.0329866127711177,-0.126247916613143,-0.00100523282709189,-5.06821529071539e-11,20124.5166243091,95395.4368629919,794034.197726532,799997.245434545
3.88952396345237,28906.5845623018,125.833600406615,-275.865470767638,286.748322394862,-23.8863754983939,9.56032876094784,-37.6225013164065,0.902366703113545,-0.414706257027307,0.111490429596166,0.0363729816786983,0.0596284535399172,-0.0381367390902772,-6.03338215743236e-11,18061.6538160287,95760.4699723794,793658.990630641,799619.212098327
4.44517024394556,28745.9417802729,113.268433816277,-267.053576536793,266.685615373175,-21.3958791382351,22.0461808798224,-34.3897771010068,0.920739313989501,-0.375371557131372,0.0995174824904983,0.0378367558931465,0.246868211800784,-0.0670088305632891,-7.00007125645312e-11,11630.5056702843,96797.5499449868,794024.933712631,799987.893467674
5.00081652443876,28603.4393540079,101.888753420843,-251.893547404827,248.714661709221,-19.8027130627497,31.7043907788743,-30.2498735648254,0.951873871029189,-0.291779401932131,0.0868455093606127,0.0354798038676382,0.368096108881682,-0.0389672135489401,-7.94568535786558e-11,-40468.6023297822,27873.6418866496,618451.708054284,620400.808253674
5.55646280493195,28508.9798104504,91.153647853867,-232.831893736656,232.776549857428,-18.8069258076203,35.9824127576159,-27.730404560591,0.977271974213478,-0.191488563957672,0.0866852500081828,0.0275197138712592,0.356987288467072,-0.00030940519827163,-8.86418201548876e-11,712.777503148822,-39297.9915144464,320116.774160161,322520.680402895
6.11210908542515,28443.2751425621,81.0084818052834,-212.479104923087,217.55256288542,-17.6988605405622,37.1005068370212,-27.0035155660317,0.990395983603658,-0.104269496778019,0.0886156599204894,0.0197731305759178,0.280857280497886,-0.000504130010013368,-9.60272239465066e-11,-512.521828241873,-38994.3739909705,329434.209224407,331734.414990188
6.66775536591834,28377.821009961,71.4907392007998,-191.785782096723,202.783235641378,-16.5595820568757,37.2347073841794,-26.1902774627975,0.995180263254683,-0.0372351630498996,0.0896687494902472,0.0137601165350078,0.205022166376503,-0.000349247172980002,-1.01995565042912e-10,353.23977882973,-38994.7216535055,317640.778280819,320025.588230098
7.22340164641154,28313.5446203204,62.6036090750669,-171.234198841195,188.423948726515,-15.4321770183352,36.6443305216802,-25.5007070260314,0.995842899897005,0.00905895489682037,0.0901281407995396,0.00958157407087136,0.129920355046047,0.000138322422685847,-1.06776078667573e-10,-854.658050223703,-38240.2428453026,317712.528360868,320006.714446285
7.77904792690473,28249.0994519554,54.3658987258264,-151.129163163285,174.437029717582,-14.1717566512908,35.69645009096,-24.8488557769263,0.995346177067229,0.0355201151062486,0.0892924027845627,0.00715582782473748,0.0642462317403689,-0.012588368836822,-1.10519088001584e-10,13942.8316928456,-29299.254433818,320222.147772499,321861.88464934
8.33469420739793,28184.8908818092,46.8502004010722,-131.468775662328,160.817570687991,-12.9352125641291,35.2596995410624,-24.1524470040363,0.995176398916203,0.0515631912789146,0.0832768395521016,0.00549261897698049,0.0736410708577825,-0.0276375204123099,-1.13323541028269e-10,1533.76823238184,38960.9397225902,317617.030356989,320001.383187402
8.89034048789112,28120.6212093615,39.9366428819783,-111.873026891332,147.615101587407,-11.9909488555777,35.205519553934,-23.3606679899073,0.993689256953762,0.0823537342777636,0.0761114206219734,0.00257006065343603,0.148800328715106,-0.0223641973109782,-1.1525299306234e-10,-6956.87208626785,38333.1029841982,317620.287527495,320000.737347073
9.44598676838432,28056.3481049277,33.4922886374379,-92.4444720493959,134.859234003086,-11.2209719811956,34.6153611777823,-22.5591166424422,0.988416668949466,0.1335598207872,0.0720525498579791,-0.00164951714223084,0.222864852611786,-0.0064492805303778,-1.16335473860588e-10,-9410.08379281219,37835.1115022902,317617.123890911,320001.066760898
10.0016330488775,27992.3727612277,27.4584760876172,-73.6799874817509,122.480746514331,-10.4988000269427,32.556361700949,-22.1223095133725,0.977565686778621,0.197745973661672,0.0722705433282879,-0.00623303108195669,0.222261242783298,0.00905389302771605,-1.16576418514953e-10,-6533.43392213517,-38455.8659536639,317690.832726678,320076.560503313
10.5572793293707,27928.0810641779,21.8377068158684,-56.5233896349156,110.15816362339,-9.70638396269084,29.103453557011,-22.293705993308,0.965872050181215,0.247647230104413,0.0753486742387642,-0.00919944879301873,0.146949896485645,0.0141989555002213,-1.15965165211663e-10,1242.233745222,-38994.585035595,317752.562055136,320138.737892463
11.1129256098639,27863.7922472522,16.6714150198273,-41.4117258529757,97.6565019926067,-8.91573718186166,25.2481497221512,-22.7297136659079,0.957466580724685,0.277221724545922,0.0793618307235431,-0.0103720334537158,0.0755574697764322,0.0213158370050465,-1.14478651757558e-10,-8561.25948669476,-34425.6353919166,318105.344851211,320077.224992725
11.6685718903571,27798.9762538621,11.9391679212903,-28.5112399932506,84.8764170437461,-8.07371110532843,21.1447055317177,-23.2867079308417,0.953664977232662,0.288060382349128,0.0863728949891039,-0.00916865371205782,0.00398766141337153,0.0296077267387746,-1.12076573045297e-10,33.851187861496,-39177.0049464055,323007.894411486,325375.073898748
12.2242181708503,27734.323047173,7.76723238156995,-17.8418587822938,71.8184058526919,-6.86763188122954,17.4258620361382,-23.630075379861,0.954370852551015,0.283707134404757,0.0929546199828414,-0.00678140145868881,-0.0197840183609794,0.0149326876603424,-1.08694884622357e-10,15058.010142438,14730.1266230631,319326.512137669,320020.533175279
12.7798644513435,27669.6027902349,4.31975015020449,-9.1367063010951,58.6252237796343,-5.59358958149689,13.7556623718288,-23.9243942159934,0.956025502084185,0.27764656983641,0.094308281533107,-0.00579468020430029,-0.0433716647602757,-0.000354709369780377,-1.04245432314023e-10,663.602239527352,-38987.7443822273,323679.772582192,326020.060362558
13.3355107318367,27602.3615570408,1.54958328663405,-2.62644218019414,45.2435491821089,-4.32726608032675,9.70811026678006,-24.1507035386183,0.961980265001949,0.256689047666933,0.09321005834758,-0.00407356741250437,-0.111254172791272,-0.0121991939542438,-9.85869005586137e-11,11517.3069850986,-30822.8634444561,342062.923434753,343641.878792202
13.8911570123299,27493.6986700693,-0.310242173266524,1.29943629990451,32.4608067010437,-2.1055355942384,3.80936426792866,-20.6971791051375,0.97292315450088,0.214720172148354,0.0855073960353082,-0.00206683143348929,-0.215644229782402,-0.0517407859395773,-9.14933895451177e-11,29147.404014568,-76532.2349605926,733832.002940055,738387.542343358
14.4468032928231,27387.5767968336,-0.818993360677268,1.90067652661554,22.3687372943614,-0.0151779923052417,-0.636750871875631,-16.6808811506566,0.987530355249896,0.143611137322803,0.0644941569534133,-0.000379470539923334,-0.277057710450468,-0.10032239483509,-8.25791875811864e-11,20814.0918780036,13374.3974179482,319042.718696779,320000.558250187
15.0024495733163,27323.3986699051,-0.582350084573065,1.23831009760362,13.3405706897438,0.680663041101534,-1.52166125609473,-15.7607481644938,0.996750318277914,0.0727956486090153,0.0344905202552618,-3.53569241054249e-05,-0.229223735533466,-0.105563222318232,-7.11014905738455e-11,-15424.4066304904,35818.2290858537,317615.258187159,320000.484512203
15.5580958538095,27240.5154448166,-0.201363188948194,0.410645117277054,5.22682179143701,0.619056770946957,-1.29766110287802,-12.8149395785817,0.9997333063643,0.020730666742272,0.0101762391755431,-1.86588944233065e-06,-0.139423103813518,-0.0668200145791079,-5.48298732195511e-11,-24419.2432263431,56533.0535252519,501541.581171185,505308.067642234
16.1137421343027,27109.4281222229,7.15601066514998e-19,1.04556564822716e-18,3.05158573572284e-13,-9.92873672221386e-19,-1.10885699766162e-19,-5,1,2.28183801875725e-24,5.19684092971497e-24,2.200733846562e-23,3.65594923921541e-23,5.83533950281815e-24,-8.0984161579484e-16,-44298.6926307394,86850.1523183857,794035.367368993,799998.429848041
